{
  "ABIRoot": {
    "kind": "Root",
    "name": "TopLevel",
    "printedName": "TopLevel",
    "children": [
      {
        "kind": "Import",
        "name": "Foundation",
        "printedName": "Foundation",
        "declKind": "Import",
        "moduleName": "NextPayment",
        "declAttributes": [
          "RawDocComment"
        ]
      },
      {
        "kind": "TypeDecl",
        "name": "Factory",
        "printedName": "Factory",
        "children": [
          {
            "kind": "Constructor",
            "name": "init",
            "printedName": "init()",
            "children": [
              {
                "kind": "TypeNominal",
                "name": "Factory",
                "printedName": "NextPayment.Factory",
                "usr": "s:11NextPayment7FactoryC"
              }
            ],
            "declKind": "Constructor",
            "usr": "s:11NextPayment7FactoryCACycfc",
            "mangledName": "$s11NextPayment7FactoryCACycfc",
            "moduleName": "NextPayment",
            "declAttributes": [
              "AccessControl"
            ],
            "init_kind": "Designated"
          },
          {
            "kind": "Function",
            "name": "createTransation",
            "printedName": "createTransation()",
            "children": [
              {
                "kind": "TypeNominal",
                "name": "Transaction",
                "printedName": "NextPayment.Transaction",
                "usr": "s:11NextPayment11TransactionP"
              }
            ],
            "declKind": "Func",
            "usr": "s:11NextPayment7FactoryC16createTransationAA11Transaction_pyF",
            "mangledName": "$s11NextPayment7FactoryC16createTransationAA11Transaction_pyF",
            "moduleName": "NextPayment",
            "declAttributes": [
              "AccessControl"
            ],
            "funcSelfKind": "NonMutating"
          }
        ],
        "declKind": "Class",
        "usr": "s:11NextPayment7FactoryC",
        "mangledName": "$s11NextPayment7FactoryC",
        "moduleName": "NextPayment",
        "declAttributes": [
          "AccessControl"
        ]
      },
      {
        "kind": "Import",
        "name": "Foundation",
        "printedName": "Foundation",
        "declKind": "Import",
        "moduleName": "NextPayment",
        "declAttributes": [
          "RawDocComment"
        ]
      },
      {
        "kind": "Import",
        "name": "Foundation",
        "printedName": "Foundation",
        "declKind": "Import",
        "moduleName": "NextPayment",
        "declAttributes": [
          "RawDocComment"
        ]
      },
      {
        "kind": "TypeDecl",
        "name": "Transaction",
        "printedName": "Transaction",
        "children": [
          {
            "kind": "Function",
            "name": "send",
            "printedName": "send(amount:)",
            "children": [
              {
                "kind": "TypeNominal",
                "name": "Bool",
                "printedName": "Swift.Bool",
                "usr": "s:Sb"
              },
              {
                "kind": "TypeNominal",
                "name": "Int",
                "printedName": "Swift.Int",
                "usr": "s:Si"
              }
            ],
            "declKind": "Func",
            "usr": "s:11NextPayment11TransactionP4send6amountSbSi_tF",
            "mangledName": "$s11NextPayment11TransactionP4send6amountSbSi_tF",
            "moduleName": "NextPayment",
            "genericSig": "<τ_0_0 where τ_0_0 : NextPayment.Transaction>",
            "sugared_genericSig": "<Self where Self : NextPayment.Transaction>",
            "protocolReq": true,
            "reqNewWitnessTableEntry": true,
            "funcSelfKind": "NonMutating"
          }
        ],
        "declKind": "Protocol",
        "usr": "s:11NextPayment11TransactionP",
        "mangledName": "$s11NextPayment11TransactionP",
        "moduleName": "NextPayment",
        "declAttributes": [
          "AccessControl"
        ]
      }
    ],
    "json_format_version": 8
  },
  "ConstValues": [
    {
      "filePath": "\/Users\/laszloszollosi\/src\/Swift\/Fw\/NextPayment\/NextPayment\/RealTransaction.swift",
      "kind": "StringLiteral",
      "offset": 191,
      "length": 17,
      "value": "\"\""
    },
    {
      "filePath": "\/Users\/laszloszollosi\/src\/Swift\/Fw\/NextPayment\/NextPayment\/RealTransaction.swift",
      "kind": "StringLiteral",
      "offset": 201,
      "length": 4,
      "value": "\" sent.\""
    },
    {
      "filePath": "\/Users\/laszloszollosi\/src\/Swift\/Fw\/NextPayment\/NextPayment\/RealTransaction.swift",
      "kind": "BooleanLiteral",
      "offset": 225,
      "length": 4,
      "value": "true"
    }
  ]
}